id,date,ret,mcap
03783310,2018-12-31,-0.11669838,746079.2
03783310,2019-01-31,0.055154085,746079.2
03783310,2019-02-28,0.04470074,746079.2
03783310,2019-03-29,0.09702576,746079.2
03783310,2019-04-30,0.056435943,746079.2
03783310,2019-05-31,-0.12373543,746079.2
03783310,2019-06-28,0.13051915,746079.2
03783310,2019-07-31,0.07639444,746079.2
03783310,2019-08-30,-0.016569555,746079.2
03783310,2019-09-30,0.07296157,746079.2
03783310,2019-10-31,0.110684395,746079.2
59491810,2018-12-31,-0.08404726,780362.3
59491810,2019-01-31,0.02815795,780362.3
59491810,2019-02-28,0.077180862,780362.3
59491810,2019-03-29,0.052753806,780362.3
59491810,2019-04-30,0.10734272,780362.3
59491810,2019-05-31,-0.049464045,780362.3
59491810,2019-06-28,0.08311772,780362.3
59491810,2019-07-31,0.017243981,780362.3
59491810,2019-08-30,0.015043616,780362.3
59491810,2019-09-30,0.008486867,780362.3
59491810,2019-10-31,0.031216264,780362.3
02313510,2018-12-31,-0.11134976,737467.25
02313510,2019-01-31,0.14431715,737467.25
02313510,2019-02-28,-0.04590601,737467.25
02313510,2019-03-29,0.08593571,737467.25
02313510,2019-04-30,0.08185875,737467.25
02313510,2019-05-31,-0.07861328,737467.25
02313510,2019-06-28,0.066791773,737467.25
02313510,2019-07-31,-0.01417911,737467.25
02313510,2019-08-30,-0.048473835,737467.25
02313510,2019-09-30,-0.022732794,737467.25
02313510,2019-10-31,0.023474693,737467.25
30303M10,2018-12-31,-0.067705035,374130.84
30303M10,2019-01-31,0.27156925,374130.84
30303M10,2019-02-28,-0.03143561,374130.84
30303M10,2019-03-29,0.03245592,374130.84
30303M10,2019-04-30,0.16023754,374130.84
30303M10,2019-05-31,-0.08236814,374130.84
30303M10,2019-06-28,0.08750772,374130.84
30303M10,2019-07-31,0.006373048,374130.84
30303M10,2019-08-30,-0.044071436,374130.84
30303M10,2019-09-30,-0.040878954,374130.84
30303M10,2019-10-31,0.076201677,374130.84
46625H10,2018-12-31,-0.12204337,319780.3
46625H10,2019-01-31,0.068428516,319780.3
46625H10,2019-02-28,0.008309126,319780.3
46625H10,2019-03-29,-0.029992282,319780.3
46625H10,2019-04-30,0.15430201,319780.3
46625H10,2019-05-31,-0.0869453,319780.3
46625H10,2019-06-28,0.055115223,319780.3
46625H10,2019-07-31,0.044722676,319780.3
46625H10,2019-08-30,-0.052931013,319780.3
46625H10,2019-09-30,0.071272492,319780.3
46625H10,2019-10-31,0.069079638,319780.3
02079K10,2018-12-31,-0.05374491,720324.75
02079K10,2019-01-31,0.07798302,720324.75
02079K10,2019-02-28,0.003180027,720324.75
02079K10,2019-03-29,0.047673106,720324.75
02079K10,2019-04-30,0.012929201,720324.75
02079K10,2019-05-31,-0.07139367,720324.75
02079K10,2019-06-28,-0.02058661,720324.75
02079K10,2019-07-31,0.12560713,720324.75
02079K10,2019-08-30,-0.02349019,720324.75
02079K10,2019-09-30,0.02600789,720324.75
02079K10,2019-10-31,0.033724308,720324.75
02079K30,2018-12-31,-0.05829769,726828.2
02079K30,2019-01-31,0.07744801,726828.2
02079K30,2019-02-28,0.0005862713,726828.2
02079K30,2019-03-29,0.044685125,726828.2
02079K30,2019-04-30,0.018752813,726828.2
02079K30,2019-05-31,-0.077116785,726828.2
02079K30,2019-06-28,-0.02141887,726828.2
02079K30,2019-07-31,0.12504614,726828.2
02079K30,2019-08-30,-0.02271378,726828.2
02079K30,2019-09-30,0.025711179,726828.2
02079K30,2019-10-31,0.03084004,726828.2
47816010,2018-12-31,-0.12151116,343572.9
47816010,2019-01-31,0.031228185,343572.9
47816010,2019-02-28,0.033513665,343572.9
47816010,2019-03-29,0.023053288,343572.9
47816010,2019-04-30,0.010086536,343572.9
47816010,2019-05-31,-0.064447584,343572.9
47816010,2019-06-28,0.06199014,343572.9
47816010,2019-07-31,-0.065048814,343572.9
47816010,2019-08-30,-0.006988168,343572.9
47816010,2019-09-30,0.007946491,343572.9
47816010,2019-10-31,0.02055955,343572.9
712387,2018-12-31,-0.049837112,240784.25
712387,2019-01-31,0.07632947,240784.25
712387,2019-02-28,0.041046977,240784.25
712387,2019-03-29,0.05055988,240784.25
712387,2019-04-30,0.03500247,240784.25
712387,2019-05-31,0.028571963,240784.25
712387,2019-06-28,0.047289014,240784.25
712387,2019-07-31,0.030066133,240784.25
712387,2019-08-30,0.05072582,240784.25
712387,2019-09-30,-0.032037377,240784.25
712387,2019-10-31,-0.017085135,240784.25
92826C83,2018-12-31,-0.06894362,290439.66
92826C83,2019-01-31,0.023268104,290439.66
92826C83,2019-02-28,0.09895563,290439.66
92826C83,2019-03-29,0.054482937,290439.66
92826C83,2019-04-30,0.05275619,290439.66
92826C83,2019-05-31,-0.017332554,290439.66
92826C83,2019-06-28,0.075745344,290439.66
92826C83,2019-07-31,0.025640965,290439.66
92826C83,2019-08-30,0.017247319,290439.66
92826C83,2019-09-30,-0.048722563,290439.66
92826C83,2019-10-31,0.039823294,290439.66
74271810,2018-12-31,-0.027404547,229945.19
74271810,2019-01-31,0.057302117,229945.19
74271810,2019-02-28,0.021561146,229945.19
74271810,2019-03-29,0.05580926,229945.19
74271810,2019-04-30,0.030522823,229945.19
74271810,2019-05-31,-0.033527434,229945.19
74271810,2019-06-28,0.06549406,229945.19
74271810,2019-07-31,0.08331871,229945.19
74271810,2019-08-30,0.018553019,229945.19
74271810,2019-09-30,0.03451717,229945.19
74271810,2019-10-31,0.0070421696,229945.19
06050510,2018-12-31,-0.12711268,238251.2
06050510,2019-01-31,0.15543831,238251.2
06050510,2019-02-28,0.026694775,238251.2
06050510,2019-03-29,-0.05123794,238251.2
06050510,2019-04-30,0.10837257,238251.2
06050510,2019-05-31,-0.13015043,238251.2
06050510,2019-06-28,0.09586466,238251.2
06050510,2019-07-31,0.057931066,238251.2
06050510,2019-08-30,-0.10332465,238251.2
06050510,2019-09-30,0.066884756,238251.2
06050510,2019-10-31,0.0719918,238251.2
30231G10,2018-12-31,-0.14226413,288921.03
30231G10,2019-01-31,0.074644327,288921.03
30231G10,2019-02-28,0.08965611,288921.03
30231G10,2019-03-29,0.022396564,288921.03
30231G10,2019-04-30,-0.0064356923,288921.03
30231G10,2019-05-31,-0.10762334,288921.03
30231G10,2019-06-28,0.08280349,288921.03
30231G10,2019-07-31,-0.029622793,288921.03
30231G10,2019-08-30,-0.067374887,288921.03
30231G10,2019-09-30,0.031103969,288921.03
30231G10,2019-10-31,-0.04305339,288921.03
00206R10,2018-12-31,-0.08642763,207817.69
00206R10,2019-01-31,0.07112825,207817.69
00206R10,2019-02-28,0.035262823,207817.69
00206R10,2019-03-29,0.007712126,207817.69
00206R10,2019-04-30,0.003507614,207817.69
00206R10,2019-05-31,-0.012273848,207817.69
00206R10,2019-06-28,0.09581423,207817.69
00206R10,2019-07-31,0.031333923,207817.69
00206R10,2019-08-30,0.035535932,207817.69
00206R10,2019-09-30,0.07317078,207817.69
00206R10,2019-10-31,0.030655384,207817.69
08467070,2018-12-31,-0.064424515,502567.4
08467070,2019-01-31,0.006660819,502567.4
08467070,2019-02-28,-0.020628512,502567.4
08467070,2019-03-29,-0.0020367503,502567.4
08467070,2019-04-30,0.078749657,502567.4
08467070,2019-05-31,-0.089012985,502567.4
08467070,2019-06-28,0.07977915,502567.4
08467070,2019-07-31,-0.036309063,502567.4
08467070,2019-08-30,-0.009832978,502567.4
08467070,2019-09-30,0.022663593,502567.4
08467070,2019-10-31,0.02192092,502567.4
01609W10,2018-12-31,-0.14789253,352534.47
01609W10,2019-01-31,0.22922588,352534.47
01609W10,2019-02-28,0.08629584,352534.47
01609W10,2019-03-29,-0.003168881,352534.47
01609W10,2019-04-30,0.017100692,352534.47
01609W10,2019-05-31,-0.19566744,352534.47
01609W10,2019-06-28,0.13526737,352534.47
01609W10,2019-07-31,0.021599293,352534.47
01609W10,2019-08-30,0.011091232,352534.47
01609W10,2019-09-30,-0.044563828,352534.47
01609W10,2019-10-31,0.056449175,352534.47
43707610,2018-12-31,-0.047138395,194328.42
43707610,2019-01-31,0.068152666,194328.42
43707610,2019-02-28,0.008772373,194328.42
43707610,2019-03-29,0.043804646,194328.42
43707610,2019-04-30,0.06154561,194328.42
43707610,2019-05-31,-0.06799209,194328.42
43707610,2019-06-28,0.10260725,194328.42
43707610,2019-07-31,0.027503967,194328.42
43707610,2019-08-30,0.06654501,194328.42
43707610,2019-09-30,0.024000645,194328.42
43707610,2019-10-31,0.011033535,194328.42
25468710,2018-12-31,-0.04294741,164475
25468710,2019-01-31,0.0170542,164475
25468710,2019-02-28,0.01183641,164475
25468710,2019-03-29,-0.016040385,164475
25468710,2019-04-30,0.23363054,164475
25468710,2019-05-31,-0.035993338,164475
25468710,2019-06-28,0.057558417,164475
25468710,2019-07-31,0.030435324,164475
25468710,2019-08-30,-0.040206966,164475
25468710,2019-09-30,-0.050560894,164475
25468710,2019-10-31,-0.0030694604,164475
45814010,2018-12-31,-0.048266115,211935.88
45814010,2019-01-31,0.004048586,211935.88
45814010,2019-02-28,0.13062393,211935.88
45814010,2019-03-29,0.013972878,211935.88
45814010,2019-04-30,-0.04953444,211935.88
45814010,2019-05-31,-0.13097567,211935.88
45814010,2019-06-28,0.0869664,211935.88
45814010,2019-07-31,0.055984974,211935.88
45814010,2019-08-30,-0.05588526,211935.88
45814010,2019-09-30,0.08690143,211935.88
45814010,2019-10-31,0.09703088,211935.88
91324P10,2018-12-31,-0.1145863,239155.19
91324P10,2019-01-31,0.08461798,239155.19
91324P10,2019-02-28,-0.10355293,239155.19
91324P10,2019-03-29,0.02452314,239155.19
91324P10,2019-04-30,-0.057388964,239155.19
91324P10,2019-05-31,0.037456512,239155.19
91324P10,2019-06-28,0.01360631,239155.19
91324P10,2019-07-31,0.020491004,239155.19
91324P10,2019-08-30,-0.060278654,239155.19
91324P10,2019-09-30,-0.06666666,239155.19
91324P10,2019-10-31,0.16280138,239155.19
57636Q10,2018-12-31,-0.061769605,194498.14
57636Q10,2019-01-31,0.12091184,194498.14
57636Q10,2019-02-28,0.06460476,194498.14
57636Q10,2019-03-29,0.047515154,194498.14
57636Q10,2019-04-30,0.08120621,194498.14
57636Q10,2019-05-31,-0.010816574,194498.14
57636Q10,2019-06-28,0.051850915,194498.14
57636Q10,2019-07-31,0.030506968,194498.14
57636Q10,2019-08-30,0.033422709,194498.14
57636Q10,2019-09-30,-0.034829557,194498.14
57636Q10,2019-10-31,0.020510316,194498.14
688910,2018-12-31,0.0020985603,190236.56
688910,2019-01-31,-0.019461215,190236.56
688910,2019-02-28,0.07951534,190236.56
688910,2019-03-29,0.025730133,190236.56
688910,2019-04-30,0.052241564,190236.56
688910,2019-05-31,-0.11119843,190236.56
688910,2019-06-28,0.067506194,190236.56
688910,2019-07-31,0.084517,190236.56
688910,2019-08-30,-0.011920214,190236.56
688910,2019-09-30,0.07106042,190236.56
688910,2019-10-31,0.11848044,190236.56
92343V10,2018-12-31,-0.067661643,232302.9
92343V10,2019-01-31,-0.009916365,232302.9
92343V10,2019-02-28,0.03378129,232302.9
92343V10,2019-03-29,0.038826466,232302.9
92343V10,2019-04-30,-0.022619665,232302.9
92343V10,2019-05-31,-0.049659014,232302.9
92343V10,2019-06-28,0.051149964,232302.9
92343V10,2019-07-31,-0.02201116,232302.9
92343V10,2019-08-30,0.05228877,232302.9
92343V10,2019-09-30,0.037826657,232302.9
92343V10,2019-10-31,0.01201117,232302.9
BMMV2K,2018-12-31,0.0060304403,379279
BMMV2K,2019-01-31,0.09947432,379279
BMMV2K,2019-02-28,-0.02986306,379279
BMMV2K,2019-03-29,0.075024247,379279
BMMV2K,2019-04-30,0.07541561,379279
BMMV2K,2019-05-31,-0.15669513,379279
BMMV2K,2019-06-28,0.08547831,379279
BMMV2K,2019-07-31,0.042188287,379279
BMMV2K,2019-08-30,-0.11870951,379279
BMMV2K,2019-09-30,0.016100407,379279
BMMV2K,2019-10-31,-0.028256893,379279
16676410,2018-12-31,-0.08533716,207009.7
16676410,2019-01-31,0.053865194,207009.7
16676410,2019-02-28,0.053379893,207009.7
16676410,2019-03-29,0.030105352,207009.7
16676410,2019-04-30,-0.025328815,207009.7
16676410,2019-05-31,-0.04181242,207009.7
16676410,2019-06-28,0.09301722,207009.7
16676410,2019-07-31,-0.010687888,207009.7
16676410,2019-08-30,-0.03411585,207009.7
16676410,2019-09-30,0.007475376,207009.7
16676410,2019-10-31,-0.020742,207009.7
94974610,2018-12-31,-0.15106851,211104.17
94974610,2019-01-31,0.071180463,211104.17
94974610,2019-02-28,0.020036817,211104.17
94974610,2019-03-29,-0.031469226,211104.17
94974610,2019-04-30,0.0018626451,211104.17
94974610,2019-05-31,-0.07415825,211104.17
94974610,2019-06-28,0.06648636,211104.17
94974610,2019-07-31,0.023034692,211104.17
94974610,2019-08-30,-0.027473688,211104.17
94974610,2019-09-30,0.08310068,211104.17
94974610,2019-10-31,0.023592472,211104.17
677172,2018-12-31,-0.06250298,235594.47
677172,2019-01-31,0.19588257,235594.47
677172,2019-02-28,-0.03322196,235594.47
677172,2019-03-29,-0.011271358,235594.47
677172,2019-04-30,-0.0021772385,235594.47
677172,2019-05-31,-0.09077179,235594.47
677172,2019-06-28,0.14919233,235594.47
677172,2019-07-31,-0.058309135,235594.47
677172,2019-08-30,-0.052317085,235594.47
677172,2019-09-30,0.13699234,235594.47
677172,2019-10-31,0.056402683,235594.47
58933Y10,2018-12-31,-0.029997408,198097.48
58933Y10,2019-01-31,-0.02591288,198097.48
58933Y10,2019-02-28,0.09216714,198097.48
58933Y10,2019-03-29,0.029892921,198097.48
58933Y10,2019-04-30,-0.053625107,198097.48
58933Y10,2019-05-31,0.0063524246,198097.48
58933Y10,2019-06-28,0.065522075,198097.48
58933Y10,2019-07-31,-0.01025641,198097.48
58933Y10,2019-08-30,0.04193282,198097.48
58933Y10,2019-09-30,-0.020122588,198097.48
58933Y10,2019-10-31,0.029460669,198097.48
19121610,2018-12-31,-0.06051594,202089.8
19121610,2019-01-31,0.016473174,202089.8
19121610,2019-02-28,-0.05796802,202089.8
19121610,2019-03-29,0.042346716,202089.8
19121610,2019-04-30,0.046948314,202089.8
19121610,2019-05-31,0.001426816,202089.8
19121610,2019-06-28,0.04457557,202089.8
19121610,2019-07-31,0.033582091,202089.8
19121610,2019-08-30,0.045791388,202089.8
19121610,2019-09-30,-0.0036337972,202089.8
19121610,2019-10-31,-0.00018364191,202089.8
711038,2018-12-31,-0.047682104,210963.44
711038,2019-01-31,0.07754278,210963.44
711038,2019-02-28,0.0462538,210963.44
711038,2019-03-29,0.021043181,210963.44
711038,2019-04-30,-0.04315281,210963.44
711038,2019-05-31,-0.007670641,210963.44
711038,2019-06-28,0.07692957,210963.44
711038,2019-07-31,-0.043838143,210963.44
711038,2019-08-30,0.015377641,210963.44
711038,2019-09-30,0.065067053,210963.44
711038,2019-10-31,0.03263247,210963.44
71708110,2018-12-31,-0.055807886,249547.06
71708110,2019-01-31,-0.019244015,249547.06
71708110,2019-02-28,0.021201372,249547.06
71708110,2019-03-29,-0.020299792,249547.06
71708110,2019-04-30,-0.043795643,249547.06
71708110,2019-05-31,0.031273007,249547.06
71708110,2019-06-28,0.043352604,249547.06
71708110,2019-07-31,-0.10341644,249547.06
71708110,2019-08-30,-0.075437665,249547.06
71708110,2019-09-30,0.010689259,249547.06
71708110,2019-10-31,0.067909837,249547.06
20030N10,2018-12-31,-0.12227631,154109.02
20030N10,2019-01-31,0.074008822,154109.02
20030N10,2019-02-28,0.05742407,154109.02
20030N10,2019-03-29,0.03387642,154109.02
20030N10,2019-04-30,0.094046955,154109.02
20030N10,2019-05-31,-0.058120785,154109.02
20030N10,2019-06-28,0.031219482,154109.02
20030N10,2019-07-31,0.02601695,154109.02
20030N10,2019-08-30,0.025249004,154109.02
20030N10,2019-09-30,0.018526912,154109.02
20030N10,2019-10-31,-0.0011091828,154109.02
09702310,2018-12-31,-0.069961967,183064.28
09702310,2019-01-31,0.1957209,183064.28
09702310,2019-02-28,0.146245,183064.28
09702310,2019-03-29,-0.13305748,183064.28
09702310,2019-04-30,-0.0097792745,183064.28
09702310,2019-05-31,-0.09008718,183064.28
09702310,2019-06-28,0.065571904,183064.28
09702310,2019-07-31,-0.062718096,183064.28
09702310,2019-08-30,0.07317245,183064.28
09702310,2019-09-30,0.04498887,183064.28
09702310,2019-10-31,-0.106605,183064.28
17275R10,2018-12-31,-0.09484011,195721.63
17275R10,2019-01-31,0.09900749,195721.63
17275R10,2019-02-28,0.09473455,195721.63
17275R10,2019-03-29,0.042881966,195721.63
17275R10,2019-04-30,0.042785764,195721.63
17275R10,2019-05-31,-0.07006258,195721.63
17275R10,2019-06-28,0.051893115,195721.63
17275R10,2019-07-31,0.018636942,195721.63
17275R10,2019-08-30,-0.15505415,195721.63
17275R10,2019-09-30,0.05554366,195721.63
17275R10,2019-10-31,-0.031370163,195721.63
710306,2018-12-31,-0.063377857,197028.64
710306,2019-01-31,0.022735715,197028.64
710306,2019-02-28,0.048153877,197028.64
710306,2019-03-29,0.08369613,197028.64
710306,2019-04-30,-0.039506257,197028.64
710306,2019-05-31,0.04825902,197028.64
710306,2019-06-28,0.068784714,197028.64
710306,2019-07-31,0.00980103,197028.64
710306,2019-08-30,-0.026246548,197028.64
710306,2019-09-30,-0.035257518,197028.64
710306,2019-10-31,0.005284786,197028.64
71344810,2018-12-31,-0.0863744,155666.33
71344810,2019-01-31,0.019822598,155666.33
71344810,2019-02-28,0.034592152,155666.33
71344810,2019-03-29,0.05975449,155666.33
71344810,2019-04-30,0.044879675,155666.33
71344810,2019-05-31,-0.00039047003,155666.33
71344810,2019-06-28,0.031914115,155666.33
71344810,2019-07-31,-0.025318444,155666.33
71344810,2019-08-30,0.06979108,155666.33
71344810,2019-09-30,0.0096907616,155666.33
71344810,2019-10-31,0.0005105734,155666.33
17296742,2018-12-31,-0.19648092,123302.41
17296742,2019-01-31,0.2381866,123302.41
17296742,2019-02-28,-0.00046539307,123302.41
17296742,2019-03-29,-0.027508557,123302.41
17296742,2019-04-30,0.13629055,123302.41
17296742,2019-05-31,-0.11456853,123302.41
17296742,2019-06-28,0.12678993,123302.41
17296742,2019-07-31,0.01613605,123302.41
17296742,2019-08-30,-0.08853298,123302.41
17296742,2019-09-30,0.07350433,123302.41
17296742,2019-10-31,0.04024315,123302.41
93114210,2018-12-31,-0.040757837,271252.8
93114210,2019-01-31,0.028770804,271252.8
93114210,2019-02-28,0.032974958,271252.8
93114210,2019-03-29,-0.009394884,271252.8
93114210,2019-04-30,0.05444479,271252.8
93114210,2019-05-31,-0.008459687,271252.8
93114210,2019-06-28,0.08921528,271252.8
93114210,2019-07-31,-0.0009955764,271252.8
93114210,2019-08-30,0.039952993,271252.8
93114210,2019-09-30,0.038683653,271252.8
93114210,2019-10-31,-0.011964917,271252.8
690064,2018-12-31,-0.025442064,166233.16
690064,2019-01-31,0.050465107,166233.16
690064,2019-02-28,-0.019145727,166233.16
690064,2019-03-29,-0.007778883,166233.16
690064,2019-04-30,0.057842016,166233.16
690064,2019-05-31,-0.05160981,166233.16
690064,2019-06-28,0.05573833,166233.16
690064,2019-07-31,0.0421623,166233.16
690064,2019-08-30,0.01357305,166233.16
690064,2019-09-30,0.032378078,166233.16
690064,2019-10-31,0.044887185,166233.16
00282410,2018-12-31,-0.023227572,126983.95
00282410,2019-01-31,0.013410807,126983.95
00282410,2019-02-28,0.063579082,126983.95
00282410,2019-03-29,0.029889226,126983.95
00282410,2019-04-30,-0.0007506609,126983.95
00282410,2019-05-31,-0.043112097,126983.95
00282410,2019-06-28,0.10468936,126983.95
00282410,2019-07-31,0.039476871,126983.95
00282410,2019-08-30,-0.020436287,126983.95
00282410,2019-09-30,-0.019338965,126983.95
00282410,2019-10-31,0.0031074286,126983.95
G5960L10,2018-12-31,-0.062237206,122448.46
G5960L10,2019-01-31,-0.028254151,122448.46
G5960L10,2019-02-28,0.02387154,122448.46
G5960L10,2019-03-29,0.011933684,122448.46
G5960L10,2019-04-30,-0.024923205,122448.46
G5960L10,2019-05-31,0.04245019,122448.46
G5960L10,2019-06-28,0.051954985,122448.46
G5960L10,2019-07-31,0.052264094,122448.46
G5960L10,2019-08-30,0.05836761,122448.46
G5960L10,2019-09-30,0.011771321,122448.46
G5960L10,2019-10-31,0.0025777817,122448.46
054052,2018-12-31,-0.027948499,165071.4
054052,2019-01-31,0.020086527,165071.4
054052,2019-02-28,-0.0048046708,165071.4
054052,2019-03-29,-0.0037133694,165071.4
054052,2019-04-30,0.070763826,165071.4
054052,2019-05-31,-0.05370265,165071.4
054052,2019-06-28,0.02822888,165071.4
054052,2019-07-31,-0.038204432,165071.4
054052,2019-08-30,-0.09178668,165071.4
054052,2019-09-30,0.06866932,165071.4
054052,2019-10-31,-0.0061807036,165071.4
58013510,2018-12-31,-0.058034,136213.95
58013510,2019-01-31,0.006814122,136213.95
58013510,2019-02-28,0.03479135,136213.95
58013510,2019-03-29,0.032963395,136213.95
58013510,2019-04-30,0.040389776,136213.95
58013510,2019-05-31,0.009414315,136213.95
58013510,2019-06-28,0.047359705,136213.95
58013510,2019-07-31,0.01473558,136213.95
58013510,2019-08-30,0.039910793,136213.95
58013510,2019-09-30,-0.014956176,136213.95
58013510,2019-10-31,-0.08388061,136213.95
00724F10,2018-12-31,-0.09825021,110328.875
00724F10,2019-01-31,0.09538544,110328.875
00724F10,2019-02-28,0.059236526,110328.875
00724F10,2019-03-29,0.015200019,110328.875
00724F10,2019-04-30,0.08540667,110328.875
00724F10,2019-05-31,-0.063439965,110328.875
00724F10,2019-06-28,0.08767069,110328.875
00724F10,2019-07-31,0.014288068,110328.875
00724F10,2019-08-30,-0.048015714,110328.875
00724F10,2019-09-30,-0.02903241,110328.875
00724F10,2019-10-31,0.006081462,110328.875
79466L30,2018-12-31,-0.040557566,104782.055
79466L30,2019-01-31,0.10951304,104782.055
79466L30,2019-02-28,0.07685721,104782.055
79466L30,2019-03-29,-0.032263994,104782.055
79466L30,2019-04-30,0.04407406,104782.055
79466L30,2019-05-31,-0.084306,104782.055
79466L30,2019-06-28,0.0021134615,104782.055
79466L30,2019-07-31,0.018256187,104782.055
79466L30,2019-08-30,0.010161877,104782.055
79466L30,2019-09-30,-0.048888326,104782.055
79466L30,2019-10-31,0.05423069,104782.055
68389X10,2018-12-31,-0.074036064,163984.81
68389X10,2019-01-31,0.11672199,163984.81
68389X10,2019-02-28,0.037826061,163984.81
68389X10,2019-03-29,0.030308843,163984.81
68389X10,2019-04-30,0.034630418,163984.81
68389X10,2019-05-31,-0.08548713,163984.81
68389X10,2019-06-28,0.12588942,163984.81
68389X10,2019-07-31,-0.0075478554,163984.81
68389X10,2019-08-30,-0.075310826,163984.81
68389X10,2019-09-30,0.057049513,163984.81
68389X10,2019-10-31,-0.0054515004,163984.81
03116210,2018-12-31,-0.065210104,122564.23
03116210,2019-01-31,-0.03883493,122564.23
03116210,2019-02-28,0.023622513,122564.23
03116210,2019-03-29,-0.0005261302,122564.23
03116210,2019-04-30,-0.056111097,122564.23
03116210,2019-05-31,-0.062290964,122564.23
03116210,2019-06-28,0.105458975,122564.23
03116210,2019-07-31,0.012480974,122564.23
03116210,2019-08-30,0.12589777,122564.23
03116210,2019-09-30,-0.072428346,122564.23
03116210,2019-10-31,0.10201025,122564.23
079805,2018-12-31,-0.047969284,126954.97
079805,2019-01-31,0.08315409,126954.97
079805,2019-02-28,0.05398178,126954.97
079805,2019-03-29,0.023843527,126954.97
079805,2019-04-30,0.0013560057,126954.97
079805,2019-05-31,-0.051914988,126954.97
079805,2019-06-28,0.025650144,126954.97
079805,2019-07-31,-0.042997303,126954.97
079805,2019-08-30,-0.073105454,126954.97
079805,2019-09-30,0.04342282,126954.97
079805,2019-10-31,-0.003879845,126954.97
22160K10,2018-12-31,-0.11920613,89743.625
22160K10,2019-01-31,0.053605556,89743.625
22160K10,2019-02-28,0.021804929,89743.625
22160K10,2019-03-29,0.10697627,89743.625
22160K10,2019-04-30,0.014000177,89743.625
22160K10,2019-05-31,-0.021585941,89743.625
22160K10,2019-06-28,0.10301363,89743.625
22160K10,2019-07-31,0.04302573,89743.625
22160K10,2019-08-30,0.0717628,89743.625
22160K10,2019-09-30,-0.022560835,89743.625
22160K10,2019-10-31,0.033494115,89743.625
484628,2018-12-31,-0.034680307,118617.8
484628,2019-01-31,0.042096853,118617.8
484628,2019-02-28,0.035807848,118617.8
484628,2019-03-29,0.07819855,118617.8
484628,2019-04-30,0.1102972,118617.8
484628,2019-05-31,-0.028749764,118617.8
484628,2019-06-28,0.117638,118617.8
484628,2019-07-31,-0.09549368,118617.8
484628,2019-08-30,-0.03853482,118617.8
484628,2019-09-30,-0.01659733,118617.8
484628,2019-10-31,0.12693083,118617.8
43851610,2018-12-31,-0.09969341,96394.74
43851610,2019-01-31,0.08711779,96394.74
43851610,2019-02-28,0.078395963,96394.74
43851610,2019-03-29,0.03147912,96394.74
43851610,2019-04-30,0.09256231,96394.74
43851610,2019-05-31,-0.04895467,96394.74
43851610,2019-06-28,0.06256461,96394.74
43851610,2019-07-31,-0.012199938,96394.74
43851610,2019-08-30,-0.040705147,96394.74
43851610,2019-09-30,0.02782166,96394.74
43851610,2019-10-31,0.020862818,96394.74
71817210,2018-12-31,-0.21530104,103783.74
71817210,2019-01-31,0.14919114,103783.74
71817210,2019-02-28,0.13321173,103783.74
71817210,2019-03-29,0.02979064,103783.74
71817210,2019-04-30,-0.020703733,103783.74
71817210,2019-05-31,-0.10894179,103783.74
71817210,2019-06-28,0.032931447,103783.74
71817210,2019-07-31,0.064688683,103783.74
71817210,2019-08-30,-0.13778263,103783.74
71817210,2019-09-30,0.069496512,103783.74
71817210,2019-10-31,0.072566867,103783.74
00287Y10,2018-12-31,-0.02206421,136332.81
00287Y10,2019-01-31,-0.11747479,136332.81
00287Y10,2019-02-28,-0.013077617,136332.81
00287Y10,2019-03-29,0.017036796,136332.81
00287Y10,2019-04-30,-0.0016130805,136332.81
00287Y10,2019-05-31,-0.033757389,136332.81
00287Y10,2019-06-28,-0.052014055,136332.81
00287Y10,2019-07-31,-0.0691694,136332.81
00287Y10,2019-08-30,-0.013209343,136332.81
00287Y10,2019-09-30,0.15181017,136332.81
00287Y10,2019-10-31,0.064712048,136332.81
B15C55,2018-12-31,-0.03852886,137684.86
B15C55,2019-01-31,0.04288602,137684.86
B15C55,2019-02-28,0.033947468,137684.86
B15C55,2019-03-29,-0.010565996,137684.86
B15C55,2019-04-30,-0.0014109612,137684.86
B15C55,2019-05-31,-0.063967466,137684.86
B15C55,2019-06-28,0.09370052,137684.86
B15C55,2019-07-31,-0.066749454,137684.86
B15C55,2019-08-30,-0.04550481,137684.86
B15C55,2019-09-30,0.058777094,137684.86
B15C55,2019-10-31,0.007316232,137684.86
B03MLX,2018-12-31,-0.028126419,240710.22
B03MLX,2019-01-31,0.057254195,240710.22
B03MLX,2019-02-28,0.02157569,240710.22
B03MLX,2019-03-29,0.006349087,240710.22
B03MLX,2019-04-30,0.015590549,240710.22
B03MLX,2019-05-31,-0.014509082,240710.22
B03MLX,2019-06-28,0.05550766,240710.22
B03MLX,2019-07-31,-0.02987069,240710.22
B03MLX,2019-08-30,-0.1125598,240710.22
B03MLX,2019-09-30,0.060112953,240710.22
B03MLX,2019-10-31,-0.016441286,240710.22
64110L10,2018-12-31,-0.06455106,116859.984
64110L10,2019-01-31,0.2684002,116859.984
64110L10,2019-02-28,0.054786444,116859.984
64110L10,2019-03-29,-0.004300475,116859.984
64110L10,2019-04-30,0.039208055,116859.984
64110L10,2019-05-31,-0.073568344,116859.984
64110L10,2019-06-28,0.07003033,116859.984
64110L10,2019-07-31,-0.12068499,116859.984
64110L10,2019-08-30,-0.09052908,116859.984
64110L10,2019-09-30,-0.0889532,116859.984
64110L10,2019-10-31,0.073948145,116859.984
G1151C10,2018-12-31,-0.14290058,89876.266
G1151C10,2019-01-31,0.08892989,89876.266
G1151C10,2019-02-28,0.050993204,89876.266
G1151C10,2019-03-29,0.09071755,89876.266
G1151C10,2019-04-30,0.04607427,89876.266
G1151C10,2019-05-31,-0.02518195,89876.266
G1151C10,2019-06-28,0.03762567,89876.266
G1151C10,2019-07-31,0.042268753,89876.266
G1151C10,2019-08-30,0.029026866,89876.266
G1151C10,2019-09-30,-0.029368699,89876.266
G1151C10,2019-10-31,-0.031868994,89876.266
90781810,2018-12-31,-0.10111851,100224.586
90781810,2019-01-31,0.15076327,100224.586
90781810,2019-02-28,0.05978489,100224.586
90781810,2019-03-29,-0.0029815435,100224.586
90781810,2019-04-30,0.0588516,100224.586
90781810,2019-05-31,-0.052982388,100224.586
90781810,2019-06-28,0.013970494,100224.586
90781810,2019-07-31,0.064100266,100224.586
90781810,2019-08-30,-0.094581785,100224.586
90781810,2019-09-30,0.000123381615,100224.586
90781810,2019-10-31,0.021484256,100224.586
406141,2018-12-31,0.04020953,148434.9
406141,2019-01-31,0.08753788,148434.9
406141,2019-02-28,0.07130313,148434.9
406141,2019-03-29,0.07064855,148434.9
406141,2019-04-30,0.074638486,148434.9
406141,2019-05-31,-0.035434842,148434.9
406141,2019-06-28,0.1296885,148434.9
406141,2019-07-31,-0.019692183,148434.9
406141,2019-08-30,-0.044909897,148434.9
406141,2019-09-30,-0.0038877726,148434.9
406141,2019-10-31,0.073438168,148434.9
11135F10,2018-12-31,0.08222067,
11135F10,2019-01-31,0.05493939,
11135F10,2019-02-28,0.026505113,
11135F10,2019-03-29,0.10168505,
11135F10,2019-04-30,0.0588274,
11135F10,2019-05-31,-0.20967335,
11135F10,2019-06-28,0.15446663,
11135F10,2019-07-31,0.00739944,
11135F10,2019-08-30,-0.025345623,
11135F10,2019-09-30,-0.013869286,
11135F10,2019-10-31,0.060781717,
88355610,2018-12-31,-0.1025446,96580.27
88355610,2019-01-31,0.09777021,96580.27
88355610,2019-02-28,0.056579947,96580.27
88355610,2019-03-29,0.05524516,96580.27
88355610,2019-04-30,0.013627052,96580.27
88355610,2019-05-31,-0.037736535,96580.27
88355610,2019-06-28,0.10071909,96580.27
88355610,2019-07-31,-0.054481087,96580.27
88355610,2019-08-30,0.03377986,96580.27
88355610,2019-09-30,0.015327692,96580.27
88355610,2019-10-31,0.036770105,96580.27
098952,2018-12-31,-0.041619596,94772.68
098952,2019-01-31,-0.027110636,94772.68
098952,2019-02-28,0.14891613,94772.68
098952,2019-03-29,-0.020975113,94772.68
098952,2019-04-30,-0.066236973,94772.68
098952,2019-05-31,-0.015109241,94772.68
098952,2019-06-28,0.1144911,94772.68
098952,2019-07-31,0.055189133,94772.68
098952,2019-08-30,0.040938497,94772.68
098952,2019-09-30,0.0039838552,94772.68
098952,2019-10-31,0.08477724,94772.68
91301710,2018-12-31,-0.12606692,91730.61
91301710,2019-01-31,0.10884666,91730.61
91301710,2019-02-28,0.070593715,91730.61
91301710,2019-03-29,0.025622725,91730.61
91301710,2019-04-30,0.10644733,91730.61
91301710,2019-05-31,-0.10921394,91730.61
91301710,2019-06-28,0.030878782,91730.61
91301710,2019-07-31,0.026113749,91730.61
91301710,2019-08-30,-0.019648194,91730.61
91301710,2019-09-30,0.04821861,91730.61
91301710,2019-10-31,0.051714063,91730.61
45920010,2018-12-31,-0.08529812,101448.13
45920010,2019-01-31,0.18254602,101448.13
45920010,2019-02-28,0.039279938,101448.13
45920010,2019-03-29,0.02150154,101448.13
45920010,2019-04-30,-0.0058823824,101448.13
45920010,2019-05-31,-0.08312541,101448.13
45920010,2019-06-28,0.08591223,101448.13
45920010,2019-07-31,0.07498193,101448.13
45920010,2019-08-30,-0.074811163,101448.13
45920010,2019-09-30,0.072972775,101448.13
45920010,2019-10-31,-0.08038783,101448.13
B4TX8S,2018-12-31,0.017542958,99830.53
B4TX8S,2019-01-31,0.0822171,99830.53
B4TX8S,2019-02-28,0.11303556,99830.53
B4TX8S,2019-03-29,-0.00447762,99830.53
B4TX8S,2019-04-30,0.02362585,99830.53
B4TX8S,2019-05-31,-0.066427174,99830.53
B4TX8S,2019-06-28,0.14803112,99830.53
B4TX8S,2019-07-31,-0.041651845,99830.53
B4TX8S,2019-08-30,-0.05837446,99830.53
B4TX8S,2019-09-30,-0.024989188,99830.53
B4TX8S,2019-10-31,0.05964911,99830.53
67066G10,2018-12-31,-0.18313646,81435
67066G10,2019-01-31,0.07677901,81435
67066G10,2019-02-28,0.07422602,81435
67066G10,2019-03-29,0.16400887,81435
67066G10,2019-04-30,0.0080195665,81435
67066G10,2019-05-31,-0.25071817,81435
67066G10,2019-06-28,0.21238731,81435
67066G10,2019-07-31,0.027339697,81435
67066G10,2019-08-30,-0.0062233806,81435
67066G10,2019-09-30,0.03916192,81435
67066G10,2019-10-31,0.15482271,81435
275438,2018-12-31,-0.066626906,98433.81
275438,2019-01-31,0.12411737,98433.81
275438,2019-02-28,0.025405407,98433.81
275438,2019-03-29,-0.033642173,98433.81
275438,2019-04-30,0.061781526,98433.81
275438,2019-05-31,-0.053324223,98433.81
275438,2019-06-28,0.059910893,98433.81
275438,2019-07-31,0.006313801,98433.81
275438,2019-08-30,-0.055774393,98433.81
275438,2019-09-30,0.0831455,98433.81
275438,2019-10-31,0.005654812,98433.81
B929F4,2018-12-31,-0.07122457,66025.8
B929F4,2019-01-31,0.1212914,66025.8
B929F4,2019-02-28,0.043541074,66025.8
B929F4,2019-03-29,0.02329123,66025.8
B929F4,2019-04-30,0.12009991,66025.8
B929F4,2019-05-31,-0.09269834,66025.8
B929F4,2019-06-28,0.10910463,66025.8
B929F4,2019-07-31,0.07911575,66025.8
B929F4,2019-08-30,-0.013594925,66025.8
B929F4,2019-09-30,0.11233509,66025.8
B929F4,2019-10-31,0.05824387,66025.8
65410610,2018-12-31,-0.013045847,116918.78
65410610,2019-01-31,0.10439706,116918.78
65410610,2019-02-28,0.04702008,116918.78
65410610,2019-03-29,-0.015163898,116918.78
65410610,2019-04-30,0.042987823,116918.78
65410610,2019-05-31,-0.11920762,116918.78
65410610,2019-06-28,0.08828104,116918.78
65410610,2019-07-31,0.024776697,116918.78
65410610,2019-08-30,-0.015227258,116918.78
65410610,2019-09-30,0.11147928,116918.78
65410610,2019-10-31,-0.046528935,116918.78
70450Y10,2018-12-31,-0.020044327,98721.66
70450Y10,2019-01-31,0.055535793,98721.66
70450Y10,2019-02-28,0.10488951,98721.66
70450Y10,2019-03-29,0.058835506,98721.66
70450Y10,2019-04-30,0.0859977,98721.66
70450Y10,2019-05-31,-0.026780128,98721.66
70450Y10,2019-06-28,0.0429157,98721.66
70450Y10,2019-07-31,-0.035470903,98721.66
70450Y10,2019-08-30,-0.01222825,98721.66
70450Y10,2019-09-30,-0.050068855,98721.66
70450Y10,2019-10-31,0.0049232244,98721.66
G5494J10,2018-12-31,-0.013737917,85391.58
G5494J10,2019-01-31,0.04466808,85391.58
G5494J10,2019-02-28,0.062756896,85391.58
G5494J10,2019-03-29,0.020578265,85391.58
G5494J10,2019-04-30,0.02461207,85391.58
G5494J10,2019-05-31,0.0064629316,85391.58
G5494J10,2019-06-28,0.112157345,85391.58
G5494J10,2019-07-31,-0.04741037,85391.58
G5494J10,2019-08-30,-0.007815778,85391.58
G5494J10,2019-09-30,0.025461793,85391.58
G5494J10,2019-10-31,0.02390051,85391.58
65339F10,2018-12-31,-0.04342085,83085.96
65339F10,2019-01-31,0.029685855,83085.96
65339F10,2019-02-28,0.055816293,83085.96
65339F10,2019-03-29,0.029831648,83085.96
65339F10,2019-04-30,0.005793452,83085.96
65339F10,2019-05-31,0.025817752,83085.96
65339F10,2019-06-28,0.033550262,83085.96
65339F10,2019-07-31,0.011276007,83085.96
65339F10,2019-08-30,0.063522696,83085.96
65339F10,2019-09-30,0.063492775,83085.96
65339F10,2019-10-31,0.022962332,83085.96
B03MM4,2018-12-31,-0.024929345,244100.48
B03MM4,2019-01-31,0.045439243,244100.48
B03MM4,2019-02-28,0.024772406,244100.48
B03MM4,2019-03-29,0.005972743,244100.48
B03MM4,2019-04-30,0.015500188,244100.48
B03MM4,2019-05-31,-0.015142024,244100.48
B03MM4,2019-06-28,0.053643465,244100.48
B03MM4,2019-07-31,-0.029897153,244100.48
B03MM4,2019-08-30,-0.11984772,244100.48
B03MM4,2019-09-30,0.0703882,244100.48
B03MM4,2019-10-31,-0.027941108,244100.48
88250810,2018-12-31,-0.05358034,89316.7
88250810,2019-01-31,0.07354498,89316.7
88250810,2019-02-28,0.050655484,89316.7
88250810,2019-03-29,0.0027415752,89316.7
88250810,2019-04-30,0.11087025,89316.7
88250810,2019-05-31,-0.10820681,89316.7
88250810,2019-06-28,0.10018217,89316.7
88250810,2019-07-31,0.096026535,89316.7
88250810,2019-08-30,-0.010079205,89316.7
88250810,2019-09-30,0.044363737,89316.7
88250810,2019-10-31,-0.08008361,89316.7
74752510,2018-12-31,-0.012530029,68861.1
74752510,2019-01-31,-0.129854145,68861.1
74752510,2019-02-28,0.07815027,68861.1
74752510,2019-03-29,0.079790235,68861.1
74752510,2019-04-30,0.51025772,68861.1
74752510,2019-05-31,-0.22419596,68861.1
74752510,2019-06-28,0.14771021,68861.1
74752510,2019-07-31,-0.038254201,68861.1
74752510,2019-08-30,0.06301248,68861.1
74752510,2019-09-30,-0.011186779,68861.1
74752510,2019-10-31,0.054535985,68861.1
092528,2018-12-31,-0.08207214,93495.914
092528,2019-01-31,0.023162723,93495.914
092528,2019-02-28,0.04070711,93495.914
092528,2019-03-29,0.04469502,93495.914
092528,2019-04-30,-0.014200687,93495.914
092528,2019-05-31,-0.05001277,93495.914
092528,2019-06-28,0.042557597,93495.914
092528,2019-07-31,0.038977385,93495.914
092528,2019-08-30,0.010966659,93495.914
092528,2019-09-30,0.031374216,93495.914
092528,2019-10-31,0.064514637,93495.914
289722,2018-12-31,-0.10227627,90839.39
289722,2019-01-31,0.14434111,90839.39
289722,2019-02-28,0.016864896,90839.39
289722,2019-03-29,-0.05259305,90839.39
289722,2019-04-30,0.056666255,90839.39
289722,2019-05-31,-0.037768185,90839.39
289722,2019-06-28,0.07122946,90839.39
289722,2019-07-31,0.012942791,90839.39
289722,2019-08-30,-0.07518262,90839.39
289722,2019-09-30,0.07382357,90839.39
289722,2019-10-31,-0.0096099377,90839.39
567173,2018-12-31,-0.042872133,107720.266
567173,2019-01-31,0.0058841705,107720.266
567173,2019-02-28,-0.037991047,107720.266
567173,2019-03-29,0.05638087,107720.266
567173,2019-04-30,-0.017759502,107720.266
567173,2019-05-31,-0.03363943,107720.266
567173,2019-06-28,0.07385874,107720.266
567173,2019-07-31,-0.028100133,107720.266
567173,2019-08-30,0.023953438,107720.266
567173,2019-09-30,0.07791209,107720.266
567173,2019-10-31,-0.0060108304,107720.266
523148,2018-12-31,-0.05187106,84789.086
523148,2019-01-31,0.059812665,84789.086
523148,2019-02-28,0.04968858,84789.086
523148,2019-03-29,-0.00040864944,84789.086
523148,2019-04-30,0.0812422,84789.086
523148,2019-05-31,-0.037792087,84789.086
523148,2019-06-28,0.08946741,84789.086
523148,2019-07-31,-0.029682994,84789.086
523148,2019-08-30,-0.05745232,84789.086
523148,2019-09-30,0.05588138,84789.086
523148,2019-10-31,0.047988772,84789.086
BHC8X9,2018-12-31,-0.017008066,109249.09
BHC8X9,2019-01-31,0.024451613,109249.09
BHC8X9,2019-02-28,0.050690174,109249.09
BHC8X9,2019-03-29,0.08257389,109249.09
BHC8X9,2019-04-30,-0.06755221,109249.09
BHC8X9,2019-05-31,-0.038892925,109249.09
BHC8X9,2019-06-28,0.08679771,109249.09
BHC8X9,2019-07-31,-0.053436637,109249.09
BHC8X9,2019-08-30,0.08624721,109249.09
BHC8X9,2019-09-30,-0.011802912,109249.09
BHC8X9,2019-10-31,0.0626359,109249.09
85524410,2018-12-31,-0.034772158,80068.52
85524410,2019-01-31,0.058074474,80068.52
85524410,2019-02-28,0.03639567,80068.52
85524410,2019-03-29,0.058069944,80068.52
85524410,2019-04-30,0.04492879,80068.52
85524410,2019-05-31,-0.01622045,80068.52
85524410,2019-06-28,0.10215628,80068.52
85524410,2019-07-31,0.12954796,80068.52
85524410,2019-08-30,0.023550391,80068.52
85524410,2019-09-30,-0.08429993,80068.52
85524410,2019-10-31,-0.043655276,80068.52
36960410,2018-12-31,0.010666728,65875.86
36960410,2019-01-31,0.34213985,65875.86
36960410,2019-02-28,0.063861012,65875.86
36960410,2019-03-29,-0.037536144,65875.86
36960410,2019-04-30,0.018018007,65875.86
36960410,2019-05-31,-0.071779785,65875.86
36960410,2019-06-28,0.11334753,65875.86
36960410,2019-07-31,-0.0047619343,65875.86
36960410,2019-08-30,-0.2105263,65875.86
36960410,2019-09-30,0.0848484,65875.86
36960410,2019-10-31,0.1163311,65875.86
53983010,2018-12-31,-0.1284492,74100.72
53983010,2019-01-31,0.106362705,74100.72
53983010,2019-02-28,0.075667143,74100.72
53983010,2019-03-29,-0.029895604,74100.72
53983010,2019-04-30,0.11050773,74100.72
53983010,2019-05-31,0.022230268,74100.72
53983010,2019-06-28,0.07384646,74100.72
53983010,2019-07-31,-0.0037685037,74100.72
53983010,2019-08-30,0.06665373,74100.72
53983010,2019-09-30,0.015490413,74100.72
53983010,2019-10-31,-0.034302413,74100.72
88579Y10,2018-12-31,-0.08358985,109860.63
88579Y10,2019-01-31,0.05122292,109860.63
88579Y10,2019-02-28,0.042586207,109860.63
88579Y10,2019-03-29,0.0018805265,109860.63
88579Y10,2019-04-30,-0.08792954,109860.63
88579Y10,2019-05-31,-0.14943802,109860.63
88579Y10,2019-06-28,0.08507037,109860.63
88579Y10,2019-07-31,0.007961273,109860.63
88579Y10,2019-08-30,-0.066163006,109860.63
88579Y10,2019-09-30,0.01657176,109860.63
88579Y10,2019-10-31,0.003588915,109860.63
53245710,2018-12-31,-0.024612248,122320.09
53245710,2019-01-31,0.03577602,122320.09
53245710,2019-02-28,0.059027195,122320.09
53245710,2019-03-29,0.02747643,122320.09
53245710,2019-04-30,-0.098027115,122320.09
53245710,2019-05-31,-0.003887534,122320.09
53245710,2019-06-28,-0.044419527,122320.09
53245710,2019-07-31,-0.01660806,122320.09
53245710,2019-08-30,0.04281783,122320.09
53245710,2019-09-30,-0.010091186,122320.09
53245710,2019-10-31,0.018957257,122320.09
621503,2018-12-31,-0.020246804,90105.3
621503,2019-01-31,0.00024163723,90105.3
621503,2019-02-28,0.0600245,90105.3
621503,2019-03-29,-0.04623681,90105.3
621503,2019-04-30,0.045273304,90105.3
621503,2019-05-31,0.037077665,90105.3
621503,2019-06-28,0.06793213,90105.3
621503,2019-07-31,-0.023507774,90105.3
621503,2019-08-30,-0.03365302,90105.3
621503,2019-09-30,0.023579597,90105.3
621503,2019-10-31,-0.0059245825,90105.3
572797,2018-12-31,-0.039868534,90174.555
572797,2019-01-31,0.026438475,90174.555
572797,2019-02-28,-0.0039993525,90174.555
572797,2019-03-29,-0.015868247,90174.555
572797,2019-04-30,0.11043989,90174.555
572797,2019-05-31,-0.055037975,90174.555
572797,2019-06-28,0.053775907,90174.555
572797,2019-07-31,-0.07474083,90174.555
572797,2019-08-30,-0.091246605,90174.555
572797,2019-09-30,0.06942463,90174.555
572797,2019-10-31,0.07677686,90174.555
12665010,2018-12-31,-0.18304241,84848.4
12665010,2019-01-31,0.008089304,84848.4
12665010,2019-02-28,-0.11777269,84848.4
12665010,2019-03-29,-0.06743908,84848.4
12665010,2019-04-30,0.017615438,84848.4
12665010,2019-05-31,-0.036962152,84848.4
12665010,2019-06-28,0.04048121,84848.4
12665010,2019-07-31,0.034501672,84848.4
12665010,2019-08-30,0.09038841,84848.4
12665010,2019-09-30,0.035292268,84848.4
12665010,2019-10-31,0.060567617,84848.4
11012210,2018-12-31,-0.027684271,84415.516
11012210,2019-01-31,-0.042323947,84415.516
11012210,2019-02-28,0.046384454,84415.516
11012210,2019-03-29,-0.076461496,84415.516
11012210,2019-04-30,-0.018235147,84415.516
11012210,2019-05-31,-0.02283007,84415.516
11012210,2019-06-28,-0.00044083595,84415.516
11012210,2019-07-31,-0.011686862,84415.516
11012210,2019-08-30,0.08241391,84415.516
11012210,2019-09-30,0.05491984,84415.516
11012210,2019-10-31,0.13942015,84415.516
023740,2018-12-31,-0.011878371,86113.24
023740,2019-01-31,0.07221532,86113.24
023740,2019-02-28,0.0244143,86113.24
023740,2019-03-29,0.055151343,86113.24
023740,2019-04-30,0.03090787,86113.24
023740,2019-05-31,-0.005667865,86113.24
023740,2019-06-28,0.02752173,86113.24
023740,2019-07-31,-0.02099532,86113.24
023740,2019-08-30,0.024206877,86113.24
023740,2019-09-30,-0.037377775,86113.24
023740,2019-10-31,-0.003017366,86113.24
03027X10,2018-12-31,-0.033193529,69771.28
03027X10,2019-01-31,0.09261012,69771.28
03027X10,2019-02-28,0.019150615,69771.28
03027X10,2019-03-29,0.118705635,69771.28
03027X10,2019-04-30,-0.004364133,69771.28
03027X10,2019-05-31,0.0689708,69771.28
03027X10,2019-06-28,-0.016285896,69771.28
03027X10,2019-07-31,0.035069704,69771.28
03027X10,2019-08-30,0.08775163,69771.28
03027X10,2019-09-30,-0.03523177,69771.28
03027X10,2019-10-31,-0.013792813,69771.28
23585110,2018-12-31,-0.057148037,72338.68
23585110,2019-01-31,0.075639963,72338.68
23585110,2019-02-28,0.14514959,72338.68
23585110,2019-03-29,0.040702343,72338.68
23585110,2019-04-30,0.0031813383,72338.68
23585110,2019-05-31,-0.0032467842,72338.68
23585110,2019-06-28,0.083933115,72338.68
23585110,2019-07-31,-0.016932547,72338.68
23585110,2019-08-30,0.011316657,72338.68
23585110,2019-09-30,0.01766479,72338.68
23585110,2019-10-31,-0.045765996,72338.68
54866110,2018-12-31,-0.021299183,74442.164
54866110,2019-01-31,0.046340466,74442.164
54866110,2019-02-28,0.09286594,74442.164
54866110,2019-03-29,0.041678667,74442.164
54866110,2019-04-30,0.037909865,74442.164
54866110,2019-05-31,-0.17553473,74442.164
54866110,2019-06-28,0.08179676,74442.164
54866110,2019-07-31,0.01030612,74442.164
54866110,2019-08-30,0.10650885,74442.164
54866110,2019-09-30,-0.019964337,74442.164
54866110,2019-10-31,0.020007253,74442.164
02209S10,2018-12-31,-0.08462524,92559.7
02209S10,2019-01-31,-0.0008099079,92559.7
02209S10,2019-02-28,0.062006116,92559.7
02209S10,2019-03-29,0.11104751,92559.7
02209S10,2019-04-30,-0.05397874,92559.7
02209S10,2019-05-31,-0.09699983,92559.7
02209S10,2019-06-28,-0.018548787,92559.7
02209S10,2019-07-31,-0.005913377,92559.7
02209S10,2019-08-30,-0.07074565,92559.7
02209S10,2019-09-30,-0.04572475,92559.7
02209S10,2019-10-31,0.09511005,92559.7
90297330,2018-12-31,-0.15405798,73500.9
90297330,2019-01-31,0.11947477,73500.9
90297330,2019-02-28,0.010359645,73500.9
90297330,2019-03-29,-0.06055331,73500.9
90297330,2019-04-30,0.10645366,73500.9
90297330,2019-05-31,-0.058514595,73500.9
90297330,2019-06-28,0.051195145,73500.9
90297330,2019-07-31,0.09064889,73500.9
90297330,2019-08-30,-0.078040304,73500.9
90297330,2019-09-30,0.05826533,73500.9
90297330,2019-10-31,0.030357838,73500.9
401225,2018-12-31,-0.10411888,74453.78
401225,2019-01-31,0.19815372,74453.78
401225,2019-02-28,0.12486256,74453.78
401225,2019-03-29,0.023406029,74453.78
401225,2019-04-30,0.04574597,74453.78
401225,2019-05-31,-0.06293744,74453.78
401225,2019-06-28,0.1093123,74453.78
401225,2019-07-31,0.0042005777,74453.78
401225,2019-08-30,-0.03192073,74453.78
401225,2019-09-30,-0.05852932,74453.78
401225,2019-10-31,0.10249901,74453.78
91131210,2018-12-31,-0.15404635,83680.74
91131210,2019-01-31,0.08069313,83680.74
91131210,2019-02-28,0.054648995,83680.74
91131210,2019-03-29,0.013974547,83680.74
91131210,2019-04-30,-0.049400387,83680.74
91131210,2019-05-31,-0.11617398,83680.74
91131210,2019-06-28,0.11138618,83680.74
91131210,2019-07-31,0.156870365,83680.74
91131210,2019-08-30,0.0012556314,83680.74
91131210,2019-09-30,0.009775758,83680.74
91131210,2019-10-31,-0.038808227,83680.74
B1527V,2018-12-31,-0.019337833,141653.16
B1527V,2019-01-31,-0.015297353,141653.16
B1527V,2019-02-28,0.019845009,141653.16
B1527V,2019-03-29,0.073454857,141653.16
B1527V,2019-04-30,0.04450774,141653.16
B1527V,2019-05-31,-0.0017918348,141653.16
B1527V,2019-06-28,0.014342904,141653.16
B1527V,2019-07-31,-0.041894674,141653.16
B1527V,2019-08-30,0.074527383,141653.16
B1527V,2019-09-30,-0.032660782,141653.16
B1527V,2019-10-31,-0.00986284,141653.16
02581610,2018-12-31,-0.15097528,80736.04
02581610,2019-01-31,0.08151484,80736.04
02581610,2019-02-28,0.049075007,80736.04
02581610,2019-03-29,0.014479399,80736.04
02581610,2019-04-30,0.076120734,80736.04
02581610,2019-05-31,-0.021496236,80736.04
02581610,2019-06-28,0.076105,80736.04
02581610,2019-07-31,0.010693431,80736.04
02581610,2019-08-30,-0.03216207,80736.04
02581610,2019-09-30,-0.017363191,80736.04
02581610,2019-10-31,-0.0048190355,80736.04
618549,2018-12-31,0.006224036,59044.285
618549,2019-01-31,0.08919991,59044.285
618549,2019-02-28,-0.029085398,59044.285
618549,2019-03-29,0.010734558,59044.285
618549,2019-04-30,0.009300232,59044.285
618549,2019-05-31,0.018676281,59044.285
618549,2019-06-28,0.059719563,59044.285
618549,2019-07-31,0.048976064,59044.285
618549,2019-08-30,0.025403976,59044.285
618549,2019-09-30,-0.022755623,59044.285
618549,2019-10-31,0.119151,59044.285
